time,node_id,storage,riba_node_id
0,1,1.0,1
0,2,1.0,3
0,3,1.0,6
0,4,1.0,9
86400,1,11.702580199890004,1
86400,2,17.25013849485486,3
86400,3,6.61995794804914,6
86400,4,123.7205351653357,9
172800,1,22.925747598308728,1
172800,2,30.874775758796773,3
172800,3,7.86910545164686,6
172800,4,225.91694379737743,9
259200,1,34.37768616089045,1
259200,2,43.04605737795978,3
259200,3,8.31332625499224,6
259200,4,314.50267830639183,9
345600,1,45.73485444175022,1
345600,2,54.3721468813287,3
345600,3,8.546509901857142,6
345600,4,392.7299478943457,9
432000,1,56.8818454610297,1
432000,2,65.12324353937261,3
432000,3,8.706544939159627,6
432000,4,462.6616366003844,9
518400,1,67.79948302862391,1
518400,2,75.41997109591075,3
518400,3,8.836643136477363,6
518400,4,525.7165469699788,9
604800,1,78.50244655045333,1
604800,2,85.3217677023127,3
604800,3,8.953113220427866,6
604800,4,582.9332123656299,9
691200,1,89.0182253298629,1
691200,2,94.85909966147337,3
691200,3,9.063168055115796,6
691200,4,635.1070081723778,9
777600,1,99.38098824391489,1
777600,2,104.04532874816398,3
777600,3,9.170606085285456,6
777600,4,682.8678788615837,9
864000,1,109.62987657225297,1
864000,2,112.88176516619592,3
864000,3,9.277885074633915,6
864000,4,726.7276289583967,9
950400,1,119.80668232129449,1
950400,2,121.36212198004719,3
950400,3,9.387014729954146,6
950400,4,767.1104931729717,9
1036800,1,129.94767787938926,1
1036800,2,129.48193515454744,3
1036800,3,9.500049779051139,6
1036800,4,804.3736798453003,9
1123200,1,140.0622429549612,1
1123200,2,137.26022852180498,3
1123200,3,9.619574380527183,6
1123200,4,838.8214815888138,9
1209600,1,150.09830974198104,1
1209600,2,144.77310653706098,3
1209600,3,9.749431974252289,6
1209600,4,870.7155283619286,9
1296000,1,159.92673363811832,1
1296000,2,152.1673573627319,3
1296000,3,9.896023716184814,6
1296000,4,900.2817262932078,9
1382400,1,169.39973175385987,1
1382400,2,159.60091811530793,3
1382400,3,10.070551232357133,6
1382400,4,927.7143283111941,9
1468800,1,178.45057787651814,1
1468800,2,167.14540362130452,3
1468800,3,10.282653417125061,6
1468800,4,953.1868127910761,9
1555200,1,187.11528095277978,1
1555200,2,174.76873208761037,3
1555200,3,10.532529306272949,6
1555200,4,976.8621086165425,9
1641600,1,195.47220150681073,1
1641600,2,182.39827372441223,3
1641600,3,10.819290155230988,6
1641600,4,998.8867194615779,9
1728000,1,203.589920852466,1
1728000,2,189.97322033373865,3
1728000,3,11.141765721143997,6
1728000,4,1019.3922059114592,9
1814400,1,211.5134364905183,1
1814400,2,197.45752213672657,3
1814400,3,11.498628736690648,6
1814400,4,1038.497134957006,9
1900800,1,219.26929979197013,1
1900800,2,204.83391470686334,3
1900800,3,11.888511121261416,6
1900800,4,1056.308833424907,9
1987200,1,226.87315317871415,1
1987200,2,212.0958928986699,3
1987200,3,12.31007467330906,6
1987200,4,1072.9247190955145,9
2073600,1,234.3349741758957,1
2073600,2,219.24224226858954,3
2073600,3,12.762042882066709,6
2073600,4,1088.43346887987,9
2160000,1,241.66185217743555,1
2160000,2,226.27417934748462,3
2160000,3,13.243211975993319,6
2160000,4,1102.9159613024801,9
2246400,1,248.8594393380645,1
2246400,2,233.19390308061696,3
2246400,3,13.752450141327017,6
2246400,4,1116.4462551975134,9
2332800,1,255.9325561231998,1
2332800,2,240.00399824867543,3
2332800,3,14.288695865044645,6
2332800,4,1129.0921546602735,9
2419200,1,262.885552891673,1
2419200,2,246.70715215243692,3
2419200,3,14.850946180157933,6
2419200,4,1140.9162271461587,9
2505600,1,269.7223341464033,1
2505600,2,253.3059879635541,3
2505600,3,15.438276083018167,6
2505600,4,1151.975166236236,9
2592000,1,276.4466120046677,1
2592000,2,259.803121887715,3
2592000,3,16.049794126236037,6
2592000,4,1162.3222273213096,9
2678400,1,283.0618169753043,1
2678400,2,266.2010710354696,3
2678400,3,16.684667592397574,6
2678400,4,1172.0061456983224,9
2764800,1,289.5711500789147,1
2764800,2,272.5022499577233,3
2764800,3,17.342115680213226,6
2764800,4,1181.0714657668045,9
2851200,1,295.97767753431583,1
2851200,2,278.709012965477,3
2851200,3,18.021387789417304,6
2851200,4,1189.5603724355362,9
2937600,1,302.284262055494,1
2937600,2,284.8236162040997,3
2937600,3,18.7217801082586,6
2937600,4,1197.5113357398716,9
3024000,1,308.4936074756391,1
3024000,2,290.848221443332,3
3024000,3,19.442627761049323,6
3024000,4,1204.9598845635892,9
3110400,1,314.60829833075564,1
3110400,2,296.784920959838,3
3110400,3,20.18329491742105,6
3110400,4,1211.939262047061,9
3196800,1,320.63078675975106,1
3196800,2,302.63572929838017,3
3196800,3,20.943177740406725,6
3196800,4,1218.4802646922337,9
3283200,1,326.5634058818714,1
3283200,2,308.4025855755668,3
3283200,3,21.721701925391073,6
3283200,4,1224.6114565452697,9
3369600,1,332.40838067698104,1
3369600,2,314.08735631717434,3
3369600,3,22.51832050225846,6
3369600,4,1230.3593881150155,9
3456000,1,338.16784068174735,1
3456000,2,319.6918446078116,3
3456000,3,23.332510160175048,6
3456000,4,1235.7489127747763,9
3542400,1,343.84382215341657,1
3542400,2,325.217790496357,3
3542400,3,24.163771035165666,6
3542400,4,1240.8030874713195,9
3628800,1,349.4382711410055,1
3628800,2,330.6668690863755,3
3628800,3,25.011626338896008,6
3628800,4,1245.543327961068,9
3715200,1,354.9530627517792,1
3715200,2,336.04070427698764,3
3715200,3,25.875617413764985,6
3715200,4,1249.9897258264587,9
3801600,1,360.3899815737874,1
3801600,2,341.34085353432306,3
3801600,3,26.7553082954704,6
3801600,4,1254.160861972697,9
3888000,1,365.7507563299467,1
3888000,2,346.5688325942343,3
3888000,3,27.650277385367076,6
3888000,4,1258.0742817040568,9
3974400,1,371.0370494526611,1
3974400,2,351.7261074629612,3
3974400,3,28.56012003940748,6
3974400,4,1261.7463285812357,9
4060800,1,376.25046069026496,1
4060800,2,356.8140965829662,3
4060800,3,29.484447555768554,6
4060800,4,1265.1922457417543,9
4147200,1,381.392527039827,1
4147200,2,361.8341694635404,3
4147200,3,30.42288725322271,6
4147200,4,1268.4262135318884,9
4233600,1,386.46472949305814,1
4233600,2,366.7876507110386,3
4233600,3,31.37508085702541,6
4233600,4,1271.461478365678,9
4320000,1,391.4684991191124,1
4320000,2,371.6758247360807,3
4320000,3,32.340682907842506,6
4320000,4,1274.3104504058922,9
4406400,1,396.4052191200193,1
4406400,2,376.4999383039501,3
4406400,3,33.31936005194956,6
4406400,4,1276.9847460331312,9
4492800,1,401.276226877953,1
4492800,2,381.2612006303325,3
4492800,3,34.31079067266563,6
4492800,4,1279.4952563635236,9
4579200,1,406.0828150828104,1
4579200,2,385.9607849484074,3
4579200,3,35.31466447438373,6
4579200,4,1281.8521630778152,9
4665600,1,410.82623397419803,1
4665600,2,390.59983025203223,3
4665600,3,36.33068183809968,6
4665600,4,1284.064990452927,9
4752000,1,415.50769517997435,1
4752000,2,395.1794419329479,3
4752000,3,37.35855320984194,6
4752000,4,1286.1426583154507,9
4838400,1,420.1283731424637,1
4838400,2,399.700693840864,3
4838400,3,38.397998589975714,6
4838400,4,1288.093513123129,9
4924800,1,424.68940522803007,1
4924800,2,404.1646307376821,3
4924800,3,39.44874704799918,6
4924800,4,1289.9253887488192,9
5011200,1,429.1918943327073,1
5011200,2,408.57226851880745,3
5011200,3,40.51053632239655,6
5011200,4,1291.6456239085942,9
5097600,1,433.6369110680301,1
5097600,2,412.9245948733862,3
5097600,3,41.58311241761879,6
5097600,4,1293.2610886091516,9
5184000,1,438.02549620218593,1
5184000,2,417.22256992199556,3
5184000,3,42.66622920684017,6
5184000,4,1294.7782199347698,9
5270400,1,442.3586596633773,1
5270400,2,421.4671292510198,3
5270400,3,43.75964806062643,6
5270400,4,1296.2030547926702,9
5356800,1,446.6373825641337,1
5356800,2,425.65918417055536,3
5356800,3,44.86313751202931,6
5356800,4,1297.541255070264,9
5443200,1,450.86261920016227,1
5443200,2,429.79962195434445,3
5443200,3,45.97647294395097,6
5443200,4,1298.7981297805957,9
5529600,1,455.03529797987375,1
5529600,2,433.8893069856598,3
5529600,3,47.09943629099041,6
5529600,4,1299.9786570935153,9
5616000,1,459.15632212507217,1
5616000,2,437.9290819796962,3
5616000,3,48.2318157566624,6
5616000,4,1301.0875059602033,9
5702400,1,463.2265707102879,1
5702400,2,441.91976865571866,3
5702400,3,49.373405563430765,6
5702400,4,1302.129055060921,9
5788800,1,467.24689982142274,1
5788800,2,445.8621685400169,3
5788800,3,50.52400566987524,6
5788800,4,1303.1074137492978,9
5875200,1,471.21814356219124,1
5875200,2,449.75706351163404,3
5875200,3,51.683421549579975,6
5875200,4,1304.026437931778,9
5961600,1,475.1411147931368,1
5961600,2,453.6052166193548,3
5961600,3,52.85146396987534,6
5961600,4,1304.8897458545584,9
6048000,1,479.0166058886358,1
6048000,2,457.40737272622283,3
6048000,3,54.02794879265298,6
6048000,4,1305.7007322020047,9
6134400,1,482.8453894656587,1
6134400,2,461.1642592210644,3
6134400,3,55.21269676964664,6
6134400,4,1306.4625826149422,9
6220800,1,486.62821922464786,1
6220800,2,464.8765865229071,3
6220800,3,56.4055333521211,6
6220800,4,1307.1782869613203,9
6307200,1,490.36583062942907,1
6307200,2,468.54504869852303,3
6307200,3,57.606288508288685,6
6307200,4,1307.8506518736904,9
6393600,1,494.0589416017769,1
6393600,2,472.1703239656235,3
6393600,3,58.81479655565363,6
6393600,4,1308.4823120010692,9
6480000,1,497.7082530597606,1
6480000,2,475.7530753008157,3
6480000,3,60.03089600100736,6
6480000,4,1309.075740634342,9
6566400,1,501.3144495658454,1
6566400,2,479.2939508805758,3
6566400,3,61.25442938879371,6
6566400,4,1309.6332596366487,9
6652800,1,504.87819984632534,1
6652800,2,482.7935846119821,3
6652800,3,62.48524315525174,6
6652800,4,1310.1570489043197,9
6739200,1,508.4001574135409,1
6739200,2,486.2525965121779,3
6739200,3,63.723187489775796,6
6739200,4,1310.6491551903748,9
6825600,1,511.880961003385,1
6825600,2,489.67159322647046,3
6825600,3,64.96811620312451,6
6825600,4,1311.111500361812,9
6912000,1,515.3212351388671,1
6912000,2,493.05116837516005,3
6912000,3,66.21988660228135,6
6912000,4,1311.5458890782995,9
6998400,1,518.7215905032748,1
6998400,2,496.3919030490882,3
6998400,3,67.478359371387,6
6998400,4,1311.9540160009944,9
7084800,1,522.0826244948378,1
7084800,2,499.69436608835133,3
7084800,3,68.74339845781344,6
7084800,4,1312.3374725550286,9
7171200,1,525.4049215422287,1
7171200,2,502.9591145631595,3
7171200,3,70.01487096360233,6
7171200,4,1312.697753287521,9
7257600,1,528.6890536476433,1
7257600,2,506.186693996442,3
7257600,3,71.29264704136642,6
7257600,4,1313.0362618221368,9
7344000,1,531.9355806194044,1
7344000,2,509.3776388608234,3
7344000,3,72.57659979539517,6
7344000,4,1313.3543164380833,9
7430400,1,535.1450506265189,1
7430400,2,512.5324727273476,3
7430400,3,73.8666051865614,6
7430400,4,1313.653155294945,9
7516800,1,538.3180003435324,1
7516800,2,515.6517087896855,3
7516800,3,75.16254194211069,6
7516800,4,1313.933941335093,9
7603200,1,541.4549555519468,1
7603200,2,518.735849911301,3
7603200,3,76.46429146839353,6
7603200,4,1314.197766883738,9
7689600,1,544.5564311621381,1
7689600,2,521.7853892184423,3
7689600,3,77.77173776837469,6
7689600,4,1314.4456579661899,9
7776000,1,547.6229319018169,1
7776000,2,524.8008100118707,3
7776000,3,79.08476736125522,6
7776000,4,1314.678578357031,9
7862400,1,550.6549521617424,1
7862400,2,527.7825864858412,3
7862400,3,80.40326920710197,6
7862400,4,1314.897433378355,9
7948800,1,553.6529768504591,1
7948800,2,530.7311834308503,3
7948800,3,81.72713463251262,6
7948800,4,1315.1030734630317,9
8035200,1,556.6174809744043,1
8035200,2,533.6470571711958,3
8035200,3,83.05625726187122,6
8035200,4,1315.296297498943,9
8121600,1,559.5489307842954,1
8121600,2,536.5306549398935,3
8121600,3,84.39053294810344,6
8121600,4,1315.4778559678562,9
8208000,1,562.4477829259474,1
8208000,2,539.3824162001594,3
8208000,3,85.72985971028857,6
8208000,4,1315.6484538916586,9
8294400,1,565.3144860966469,1
8294400,2,542.2027714814046,3
8294400,3,87.07413766845787,6
8294400,4,1315.808753597582,9
8380800,1,568.1494794811125,1
8380800,2,544.9921443691484,3
8380800,3,88.42326898769022,6
8380800,4,1315.959377313742,9
8467200,1,570.9531950592254,1
8467200,2,547.7509496868537,3
8467200,3,89.777157813494,6
8467200,4,1316.1009097410017,9
8553600,1,573.7260561886867,1
8553600,2,550.479595269854,3
8553600,3,91.13571022511962,6
8553600,4,1316.2339000595919,9
8640000,1,576.4684784180866,1
8640000,2,553.1784815711476,3
8640000,3,92.4988341806253,6
8640000,4,1316.3588641218669,9
8726400,1,579.1808696459775,1
8726400,2,555.8480019123331,3
8726400,3,93.86643946329843,6
8726400,4,1316.4762866112687,9
8812800,1,581.863630450142,1
8812800,2,558.4885425182051,3
8812800,3,95.2384376341106,6
8812800,4,1316.5866228480822,9
8899200,1,584.5171541431898,1
8899200,2,561.100482867502,3
8899200,3,96.61474197882922,6
8899200,4,1316.6903007859044,9
8985600,1,587.1418270859148,1
8985600,2,563.6841957098336,3
8985600,3,97.99526746500499,6
8985600,4,1316.7877225225523,9
9072000,1,589.7380285910455,1
9072000,2,566.2400474945446,3
9072000,3,99.37993069887375,6
9072000,4,1316.879265849716,9
9158400,1,592.3061314478942,1
9158400,2,568.7683981657651,3
9158400,3,100.76864988384966,6
9158400,4,1316.9652856526932,9
9244800,1,594.8465016530521,1
9244800,2,571.2696017519318,3
9244800,3,102.16134477918786,6
9244800,4,1317.046115355398,9
9331200,1,597.3594992159119,1
9331200,2,573.7440058816576,3
9331200,3,103.557936658333,6
9331200,4,1317.1220682345308,9
9417600,1,599.8454774215329,1
9417600,2,576.1919528094417,3
9417600,3,104.95834827187196,6
9417600,4,1317.193438663629,9
9504000,1,602.304784187599,1
9504000,2,578.6137783632669,3
9504000,3,106.36250380809383,6
9504000,4,1317.260503236447,9
9590400,1,604.7377605129578,1
9590400,2,581.0098137454142,3
9590400,3,107.77032886127279,6
9590400,4,1317.3235218365637,9
9676800,1,607.1447430054795,1
9676800,2,583.380383311913,3
9676800,3,109.18175039176708,6
9676800,4,1317.382738641432,9
9763200,1,609.5260610727942,1
9763200,2,585.7258076141504,3
9763200,3,110.59669669678863,6
9763200,4,1317.438383132517,9
9849600,1,611.8820396117185,1
9849600,2,588.0464009667444,3
9849600,3,112.01509737707283,6
9849600,4,1317.4906708834612,9
9936000,1,614.2129978445992,1
9936000,2,590.3424728444361,3
9936000,3,113.43688330727684,6
9936000,4,1317.5398044138324,9
10022400,1,616.5192499258235,1
10022400,2,592.6143275392608,3
10022400,3,114.8619866021802,6
10022400,4,1317.5859740286353,9
10108800,1,618.8011046460354,1
10108800,2,594.8622646837605,3
10108800,3,116.2903405877895,6
10108800,4,1317.6293585688243,9
10195200,1,621.0588658237767,1
10195200,2,597.08657907874,3
10195200,3,117.72187977342776,6
10195200,4,1317.6701260869845,9
10281600,1,623.2928323432717,1
10281600,2,599.2875608659596,3
10281600,3,119.15653982503545,6
10281600,4,1317.708434485829,9
10368000,1,625.5032983380827,1
10368000,2,601.465495557178,3
10368000,3,120.59425753815276,6
10368000,4,1317.7444321316475,9
10454400,1,627.6905532322759,1
10454400,2,603.6206641991021,3
10454400,3,122.03497081178716,6
10454400,4,1317.778258435353,9
10540800,1,629.8548818568088,1
10540800,2,605.7533434562239,3
10540800,3,123.47861862319587,6
10540800,4,1317.8100443953883,9
10627200,1,631.9965645357223,1
10627200,2,607.8638057160393,3
10627200,3,124.92514100370931,6
10627200,4,1317.8399131048047,9
10713600,1,634.1158771992575,1
10713600,2,609.9523191623872,3
10713600,3,126.37447901520113,6
10713600,4,1317.8679802275574,9
10800000,1,636.2130914745983,1
10800000,2,612.0191478663328,3
10800000,3,127.82657472718756,6
10800000,4,1317.8943544470699,9
10886400,1,638.2884747795845,1
10886400,2,614.0645518693417,3
10886400,3,129.2813711945555,6
10886400,4,1317.919137888165,9
10972800,1,640.3422904071839,1
10972800,2,616.0887872704413,3
10972800,3,130.73881243597157,6
10972800,4,1317.942426513293,9
11059200,1,642.3747976127773,1
11059200,2,618.0921063056387,3
11059200,3,132.19884341294983,6
11059200,4,1317.9643104945292,9
11145600,1,644.3862516976197,1
11145600,2,620.0747574264989,3
11145600,3,133.66141000951689,6
11145600,4,1317.984874563057,9
11232000,1,646.3769040915059,1
11232000,2,622.0369853751818,3
11232000,3,135.12645901245446,6
11232000,4,1318.0041983376077,9
11318400,1,648.3470024316624,1
11318400,2,623.9790312589914,3
11318400,3,136.5939380920895,6
11318400,4,1318.0223566331072,9
11404800,1,650.2967906398867,1
11404800,2,625.9011326225295,3
11404800,3,138.06379578362817,6
11404800,4,1318.0394197506614,9
11491200,1,652.2265089972173,1
11491200,2,627.8035235182817,3
11491200,3,139.53598146901572,6
11491200,4,1318.0554537500022,9
11577600,1,654.136394217028,1
11577600,2,629.6864345749079,3
11577600,3,141.01044535929418,6
11577600,4,1318.0705207054652,9
11664000,1,656.026679516029,1
11664000,2,631.5500930638966,3
11664000,3,142.48713847745057,6
11664000,4,1318.0846789465177,9
11750400,1,657.8975946834728,1
11750400,2,633.3947229644093,3
11750400,3,143.96601264172773,6
11750400,4,1318.09798328376,9
11836800,1,659.749366148404,1
11836800,2,635.2205450265957,3
11836800,3,145.447020449388,6
11836800,4,1318.110485221282,9
11923200,1,661.5822170451976,1
11923200,2,637.0277768332379,3
11923200,3,146.9301152609105,6
11923200,4,1318.1222331561926,9
12009600,1,663.3963672773655,1
12009600,2,638.8166328598635,3
12009600,3,148.4152511846164,6
12009600,4,1318.1332725661007,9
12096000,1,665.1920335797588,1
12096000,2,640.587324533305,3
12096000,3,149.90238306169294,6
12096000,4,1318.1436461852784,9
12182400,1,666.9694295791546,1
12182400,2,642.3400602888182,3
12182400,3,151.3914664516169,6
12182400,4,1318.1533941701891,9
12268800,1,668.7287658533138,1
12268800,2,644.0750456257749,3
12268800,3,152.88245761795793,6
12268800,4,1318.1625542550216,9
12355200,1,670.4702499885309,1
12355200,2,645.7924831619985,3
12355200,3,154.37531351454436,6
12355200,4,1318.1711618978375,9
12441600,1,672.1940866357511,1
12441600,2,647.4925726867623,3
12441600,3,155.86999177199073,6
12441600,4,1318.179250417896,9
12528000,1,673.900477565282,1
12528000,2,649.1755112125031,3
12528000,3,157.3664506845646,6
12528000,4,1318.18685112469,9
12614400,1,675.5896217201616,1
12614400,2,650.8414930252835,3
12614400,3,158.8646491973916,6
12614400,4,1318.1939934391953,9
12700800,1,677.2617152682083,1
12700800,2,652.4907097340463,3
12700800,3,160.3645468939785,6
12700800,4,1318.2007050078,9
12787200,1,678.9169516498978,1
12787200,2,654.1233503162516,3
12787200,3,161.86610398469497,6
12787200,4,1318.2070118032734,9
12873600,1,680.555521634462,1
12873600,2,655.7396011697306,3
12873600,3,163.3692812935294,6
12873600,4,1318.2129382389246,9
12960000,1,682.1776133647013,1
12960000,2,657.339646157476,3
12960000,3,164.87404024706598,6
12960000,4,1318.2185072572445,9
13046400,1,683.7834124079043,1
13046400,2,658.9236666527586,3
13046400,3,166.38034286272455,6
13046400,4,1318.223740422635,9
13132800,1,685.373101793338,1
13132800,2,660.4918415789616,3
13132800,3,167.88815173925036,6
13132800,4,1318.228657991358,9
13219200,1,686.9468620601705,1
13219200,2,662.0443474511083,3
13219200,3,169.39743004576485,6
13219200,4,1318.2332789924203,9
13305600,1,688.5048713034708,1
13305600,2,663.581358421924,3
13305600,3,170.90814151049926,6
13305600,4,1318.2376213085035,9
13392000,1,690.0473052164857,1
13392000,2,665.1030463200948,3
13392000,3,172.42025041094053,6
13392000,4,1318.241701742509,9
13478400,1,691.5743371357469,1
13478400,2,666.6095806958787,3
13478400,3,173.93372156276928,6
13478400,4,1318.2455360904987,9
13564800,1,693.0861380812028,1
13564800,2,668.1011288548326,3
13564800,3,175.44852031082678,6
13564800,4,1318.2491391963954,9
13651200,1,694.5828767943884,1
13651200,2,669.577855900532,3
13651200,3,176.96461251926826,6
13651200,4,1318.2525250113554,9
13737600,1,696.0647197754945,1
13737600,2,671.0399247641645,3
13737600,3,178.48196456341157,6
13737600,4,1318.2557066400054,9
13824000,1,697.5318313208536,1
13824000,2,672.4874962437023,3
13824000,3,180.0005433204044,6
13824000,4,1318.2586963934193,9
13910400,1,698.9843735644595,1
13910400,2,673.9207290407621,3
13910400,3,181.52031615969145,6
13910400,4,1318.2615058413455,9
13996800,1,700.4225065112989,1
13996800,2,675.3397797956668,3
13996800,3,183.04125093469406,6
13996800,4,1318.2641458549465,9
14083200,1,701.8463880798181,1
14083200,2,676.7448031224164,3
14083200,3,184.56331597341978,6
14083200,4,1318.2666266539138,9
14169600,1,703.2561741289524,1
14169600,2,678.1359516447001,3
14169600,3,186.086480070795,6
14169600,4,1318.2689578418726,9
14256000,1,704.6520185011709,1
14256000,2,679.5133760222864,3
14256000,3,187.61071248025928,6
14256000,4,1318.271148444889,9
14342400,1,706.0340730435528,1
14342400,2,680.8772249869454,3
14342400,3,189.13598290683194,6
14342400,4,1318.2732069414083,9
14428800,1,707.4024876479104,1
14428800,2,682.2276453680959,3
14428800,3,190.66226149915087,6
14428800,4,1318.2751412964872,9
14515200,1,708.7574102803846,1
14515200,2,683.5647821302972,3
14515200,3,192.18951884135595,6
14515200,4,1318.2769589955556,9
14601600,1,710.0989870174112,1
14601600,2,684.8887783997269,3
14601600,3,193.7177259455409,6
14601600,4,1318.2786670739333,9
14688000,1,711.4273620721988,1
14688000,2,686.1997754962194,3
14688000,3,195.24685424467975,6
14688000,4,1318.2802721430362,9
14774400,1,712.7426778267961,1
14774400,2,687.497912958891,3
14774400,3,196.77687558565822,6
14774400,4,1318.281780415261,9
14860800,1,714.0450748571732,1
14860800,2,688.7833285755758,3
14860800,3,198.3077622226897,6
14860800,4,1318.2831977267745,9
14947200,1,715.3346919703531,1
14947200,2,690.0561584088887,3
14947200,3,199.8394868097048,6
14947200,4,1318.2845295632624,9
15033600,1,716.6116662224981,1
15033600,2,691.3165368309128,3
15033600,3,201.3720223939872,6
15033600,4,1318.2857810800747,9
15120000,1,717.8761329607373,1
15120000,2,692.5645965379751,3
15120000,3,202.90534240936427,6
15120000,4,1318.2869571230235,9
15206400,1,719.1282258323229,1
15206400,2,693.8004685868542,3
15206400,3,204.4394206707375,6
15206400,4,1318.2880622439795,9
15292800,1,720.368076823075,1
15292800,2,695.0242824093195,3
15292800,3,205.97423136770612,6
15292800,4,1318.2891007190144,9
15379200,1,721.59581627645,1
15379200,2,696.23616584753,3
15379200,3,207.5097490580315,6
15379200,4,1318.2900765666136,9
15465600,1,722.811572927392,1
15465600,2,697.436245171217,3
15465600,3,209.04594866150637,6
15465600,4,1318.290993563649,9
15552000,1,724.0154739199161,1
15552000,2,698.6246451077386,3
15552000,3,210.5828054542394,6
15552000,4,1318.2918552594756,9
15638400,1,725.2076448364385,1
15638400,2,699.8014888597605,3
15638400,3,212.1202950630152,6
15638400,4,1318.292664989248,9
15724800,1,726.3882097169749,1
15724800,2,700.9668981329005,3
15724800,3,213.65839345968106,6
15724800,4,1318.2934258868358,9
15811200,1,727.5572910868548,1
15811200,2,702.1209931544275,3
15811200,3,215.19707695558918,6
15811200,4,1318.2941408971046,9
15897600,1,728.7150099764242,1
15897600,2,703.2638926987747,3
15897600,3,216.7363221961814,6
15897600,4,1318.2948127873788,9
15984000,1,729.8614859464963,1
15984000,2,704.3957141063217,3
15984000,3,218.27610615570234,6
15984000,4,1318.2954441581169,9
16070400,1,730.9968371060711,1
16070400,2,705.5165733066178,3
16070400,3,219.8164061322957,6
16070400,4,1318.296037452371,9
16156800,1,732.121180142075,1
16156800,2,706.6265848362624,3
16156800,3,221.3571997423319,6
16156800,4,1318.2965949665113,9
16243200,1,733.2346303292213,1
16243200,2,707.7258618686619,3
16243200,3,222.8984649156689,6
16243200,4,1318.2971188585711,9
16329600,1,734.3373015672482,1
16329600,2,708.8145162198097,3
16329600,3,224.4401798905269,6
16329600,4,1318.2976111569806,9
16416000,1,735.4293063816112,1
16416000,2,709.8926583820839,3
16416000,3,225.9823232093686,6
16416000,4,1318.298073767139,9
16502400,1,736.510755958313,1
16502400,2,710.9603975297814,3
16502400,3,227.52487371408552,6
16502400,4,1318.2985084790175,9
16588800,1,737.5817601533633,1
16588800,2,712.0178415509595,3
16588800,3,229.06781054108865,6
16588800,4,1318.2989169747666,9
16675200,1,738.6424275233007,1
16675200,2,713.0650970558461,3
16675200,3,230.61111311666969,6
16675200,4,1318.2993008353944,9
16761600,1,739.6928653341686,1
16761600,2,714.1022694041679,3
16761600,3,232.15476115269075,6
16761600,4,1318.2996615466661,9
16848000,1,740.733179587844,1
16848000,2,715.1294627148313,3
16848000,3,233.69873464229795,6
16848000,4,1318.3000005046838,9
16934400,1,741.7634750330167,1
16934400,2,716.1467798907391,3
16934400,3,235.2430138556722,6
16934400,4,1318.3003190212937,9
17020800,1,742.7838551897671,1
17020800,2,717.1543226298236,3
17020800,3,236.78757933580118,6
17020800,4,1318.3006183292264,9
17107200,1,743.7944223615905,1
17107200,2,718.1521914476679,3
17107200,3,238.33241189436717,6
17107200,4,1318.3008995868931,9
17193600,1,744.7952776577395,1
17193600,2,719.1404856891988,3
17193600,3,239.87749260771443,6
17193600,4,1318.3011638828548,9
17280000,1,745.7865210056345,1
17280000,2,720.1193035495378,3
17280000,3,241.4228028129046,6
17280000,4,1318.3014122400214,9
17366400,1,746.768251171553,1
17366400,2,721.0887420861656,3
17366400,3,242.968324103829,6
17366400,4,1318.3016456196074,9
17452800,1,747.7405657716913,1
17452800,2,722.0488972382901,3
17452800,3,244.51403832760184,6
17452800,4,1318.3018649246471,9
17539200,1,748.7035612979996,1
17539200,2,722.9998638364822,3
17539200,3,246.05992758036973,6
17539200,4,1318.302071003965,9
17625600,1,749.657333118246,1
17625600,2,723.9417356319718,3
17625600,3,247.6059742038417,6
17625600,4,1318.302264655255,9
17712000,1,750.6019755149532,1
17712000,2,724.8746052899396,3
17712000,3,249.15216078148092,6
17712000,4,1318.3024466283023,9
17798400,1,751.537581672987,1
17798400,2,725.798564427508,3
17798400,3,250.69847013548087,6
17798400,4,1318.3026176274138,9
17884800,1,752.4642437172272,1
17884800,2,726.7137036064244,3
17884800,3,252.24488532317923,6
17884800,4,1318.3027783142288,9
17971200,1,753.3820527092439,1
17971200,2,727.6201123671175,3
17971200,3,253.79138963344099,6
17971200,4,1318.3029293105342,9
18057600,1,754.2910986803029,1
18057600,2,728.5178792250343,3
18057600,3,255.33796658319375,6
18057600,4,1318.30307120073,9
18144000,1,755.1914706285588,1
18144000,2,729.4070917005681,3
18144000,3,256.88459991424065,6
18144000,4,1318.3032045340121,9
18230400,1,756.0832565475032,1
18230400,2,730.2878363178258,3
18230400,3,258.431273590046,6
18230400,4,1318.3033298264336,9
18316800,1,756.9665434259359,1
18316800,2,731.1601986314731,3
18316800,3,259.9779717925876,6
18316800,4,1318.3034475629033,9
18403200,1,757.84141727423,1
18403200,2,732.0242632274259,3
18403200,3,261.52467891918036,6
18403200,4,1318.3035581990873,9
18489600,1,758.7079631261868,1
18489600,2,732.880113747032,3
18489600,3,263.07137957942086,6
18489600,4,1318.3036621631777,9
18576000,1,759.5662650626859,1
18576000,2,733.7278328892485,3
18576000,3,264.6180585921488,6
18576000,4,1318.3037598575493,9
18662400,1,760.4164062146749,1
18662400,2,734.567502432727,3
18662400,3,266.16470098250534,6
18662400,4,1318.3038516603094,9
18748800,1,761.2584687847848,1
18748800,2,735.399203239181,3
18748800,3,267.71129197900086,6
18748800,4,1318.3039379267611,9
18835200,1,762.0925340488561,1
18835200,2,736.2230152748283,3
18835200,3,269.25781701081905,6
18835200,4,1318.304018990701,9
18921600,1,762.918682387759,1
18921600,2,737.0390176057384,3
18921600,3,270.8042617046351,6
18921600,4,1318.3040951658866,9
19008000,1,763.7369932636907,1
19008000,2,737.8472884434391,3
19008000,3,272.3506118820537,6
19008000,4,1318.304166747178,9
19094400,1,764.5475452867156,1
19094400,2,738.6479051035203,3
19094400,3,273.8968535566546,6
19094400,4,1318.304234011725,9
19180800,1,765.3504161626381,1
19180800,2,739.4409440766505,3
19180800,3,275.4429729317933,6
19180800,4,1318.3042972198675,9
19267200,1,766.1456827606557,1
19267200,2,740.2264809846656,3
19267200,3,276.988956397807,6
19267200,4,1318.3043566161737,9
19353600,1,766.9334210757625,1
19353600,2,741.0045906410555,3
19353600,3,278.53479052936245,6
19353600,4,1318.3044124304797,9
19440000,1,767.7137062886484,1
19440000,2,741.7753470140549,3
19440000,3,280.0804620827448,6
19440000,4,1318.304464878803,9
19526400,1,768.48661273058,1
19526400,2,742.5388232820546,3
19526400,3,281.6259579935106,6
19526400,4,1318.304514164149,9
19612800,1,769.2522139357434,1
19612800,2,743.2950918026261,3
19612800,3,283.171265373976,6
19612800,4,1318.3045604772708,9
19699200,1,770.010582611696,1
19699200,2,744.0442241621844,3
19699200,3,284.71637151088544,6
19699200,4,1318.3046039974095,9
19785600,1,770.7617906876999,1
19785600,2,744.7862911488022,3
19785600,3,286.2612638629305,6
19785600,4,1318.3046448929977,9
19872000,1,771.5059092811321,1
19872000,2,745.5213628041051,3
19872000,3,287.8059300586358,6
19872000,4,1318.3046833222745,9
19958400,1,772.2430087867249,1
19958400,2,746.2495083576404,3
19958400,3,289.3503578935761,6
19958400,4,1318.3047194339838,9
20044800,1,772.9731587339891,1
20044800,2,746.9707963852196,3
20044800,3,290.8945353286035,6
20044800,4,1318.3047533679073,9
20131200,1,773.6964280341401,1
20131200,2,747.6852945858793,3
20131200,3,292.4384504869847,6
20131200,4,1318.3047852554296,9
20217600,1,774.4128847133406,1
20217600,2,748.3930700609426,3
20217600,3,293.982091653055,6
20217600,4,1318.304815219967,9
20304000,1,775.1225961750797,1
20304000,2,749.0941890743524,3
20304000,3,295.5254472694901,6
20304000,4,1318.3048433774602,9
20390400,1,775.8256289810313,1
20390400,2,749.7887172875868,3
20390400,3,297.0685059355699,6
20390400,4,1318.3048698368666,9
20476800,1,776.5220490884321,1
20476800,2,750.476719544266,3
20476800,3,298.6112564045404,6
20476800,4,1318.304894700591,9
20563200,1,777.2119216404492,1
20563200,2,751.1582600939071,3
20563200,3,300.1536875820493,6
20563200,4,1318.3049180648698,9
20649600,1,777.8953111790017,1
20649600,2,751.8334023995415,3
20649600,3,301.69578852370023,6
20649600,4,1318.304940020132,9
20736000,1,778.5722814547896,1
20736000,2,752.502209341732,3
20736000,3,303.23754843349843,6
20736000,4,1318.3049606513493,9
20822400,1,779.2428956271399,1
20822400,2,753.164743038711,3
20822400,3,304.7789566614647,6
20822400,4,1318.3049800383685,9
20908800,1,779.9072160904534,1
20908800,2,753.8210650338056,3
20908800,3,306.3200027021003,6
20908800,4,1318.304998256223,9
20995200,1,780.5653046586951,1
20995200,2,754.4712361301679,3
20995200,3,307.86067619209325,6
20995200,4,1318.3050153754216,9
21081600,1,781.2172224035533,1
21081600,2,755.1153165661531,3
21081600,3,309.40096690882,6
21081600,4,1318.3050314622205,9
21168000,1,781.8630298260507,1
21168000,2,755.7533658622343,3
21168000,3,310.9408647681348,6
21168000,4,1318.3050465788801,9
21254400,1,782.5027867062036,1
21254400,2,756.3854429845896,3
21254400,3,312.4803598229064,6
21254400,4,1318.3050607839068,9
21340800,1,783.1365522641772,1
21340800,2,757.011606201838,3
21340800,3,314.01944226088835,6
21340800,4,1318.3050741322775,9
21427200,1,783.7643850196614,1
21427200,2,757.6319132386042,3
21427200,3,315.5581024032872,6
21427200,4,1318.3050866756548,9
21513600,1,784.3863429434923,1
21513600,2,758.2464211411993,3
21513600,3,317.0963307027032,6
21513600,4,1318.3050984625847,9
21600000,1,785.0024833252189,1
21600000,2,758.8551864226874,3
21600000,3,318.634117741738,6
21600000,4,1318.3051095386845,9
21686400,1,785.612862916541,1
21686400,2,759.4582649361892,3
21686400,3,320.1714542310024,6
21686400,4,1318.3051199468227,9
21772800,1,786.2175378060895,1
21772800,2,760.0557120124115,3
21772800,3,321.7083310077519,6
21772800,4,1318.305129727282,9
21859200,1,786.8165635558207,1
21859200,2,760.6475823394741,3
21859200,3,323.2447390339744,6
21859200,4,1318.3051389179163,9
21945600,1,787.4099950819809,1
21945600,2,761.2339300939451,3
21945600,3,324.780669395052,6
21945600,4,1318.3051475542954,9
22032000,1,787.9978867853358,1
22032000,2,761.814808826328,3
22032000,3,326.3161132979103,6
22032000,4,1318.3051556698435,9
22118400,1,788.5802924374375,1
22118400,2,762.3902715864883,3
22118400,3,327.8510620697143,6
22118400,4,1318.305163295971,9
22204800,1,789.1572653055398,1
22204800,2,762.9603708139832,3
22204800,3,329.3855071560779,6
22204800,4,1318.3051704621935,9
22291200,1,789.7288580434158,1
22291200,2,763.5251584586251,3
22291200,3,330.9194401197997,6
22291200,4,1318.305177196246,9
22377600,1,790.2951228117006,1
22377600,2,764.0846858749401,3
22377600,3,332.45285263911865,6
22377600,4,1318.3051835241904,9
22464000,1,790.8561111725653,1
22464000,2,764.639003938564,3
22464000,3,333.98573650648495,6
22464000,4,1318.3051894705195,9
22550400,1,791.411874206146,1
22550400,2,765.1881629441959,3
22550400,3,335.51808362687234,6
22550400,4,1318.3051950582462,9
22636800,1,791.962462408464,1
22636800,2,765.7322127184442,3
22636800,3,337.04988601658715,6
22636800,4,1318.3052003089965,9
22723200,1,792.5079258045307,1
22723200,2,766.2712025206986,3
22723200,3,338.5811358016226,6
22723200,4,1318.3052052430917,9
22809600,1,793.0483138489642,1
22809600,2,766.8051811529833,3
22809600,3,340.1118252164988,6
22809600,4,1318.3052098796281,9
22896000,1,793.5836755363152,1
22896000,2,767.3341968632267,3
22896000,3,341.64194660267185,6
22896000,4,1318.3052142365511,9
22982400,1,794.1140593038695,1
22982400,2,767.8582974526294,3
22982400,3,343.1714924074099,6
22982400,4,1318.3052183307232,9
23068800,1,794.6395131396876,1
23068800,2,768.3775301808577,3
23068800,3,344.70045518223606,6
23068800,4,1318.3052221779894,9
23155200,1,795.1600844871341,1
23155200,2,768.8919418713951,3
23155200,3,346.22882758184414,6
23155200,4,1318.3052257932402,9
23241600,1,795.6758203510904,1
23241600,2,769.4015788182221,3
23241600,3,347.7566023625827,6
23241600,4,1318.3052291904683,9
23328000,1,796.1867672037747,1
23328000,2,769.9064868895791,3
23328000,3,349.2837723814032,6
23328000,4,1318.305232382822,9
23414400,1,796.6929710895561,1
23414400,2,770.4067114357231,3
23414400,3,350.81033059438505,6
23414400,4,1318.3052353826556,9
23500800,1,797.1944775316665,1
23500800,2,770.9022973915148,3
23500800,3,352.3362700557177,6
23500800,4,1318.3052382015792,9
23587200,1,797.6913316360151,1
23587200,2,771.393289184865,3
23587200,3,353.86158391626077,6
23587200,4,1318.3052408505023,9
23673600,1,798.183577998404,1
23673600,2,771.8797308385326,3
23673600,3,355.3862654225559,6
23673600,4,1318.3052433396786,9
23760000,1,798.6712608077364,1
23760000,2,772.361665878886,3
23760000,3,356.91030791542653,6
23760000,4,1318.3052456787425,9
23846400,1,799.1544237533708,1
23846400,2,772.8391374372877,3
23846400,3,358.43370482902355,6
23846400,4,1318.3052478767459,9
23932800,1,799.6331101280825,1
23932800,2,773.312188158817,3
23932800,3,359.9564496894559,6
23932800,4,1318.3052499421951,9
24019200,1,800.1073627352048,1
24019200,2,773.7808603035974,3
24019200,3,361.478536113867,6
24019200,4,1318.3052518830837,9
24105600,1,800.5772239917105,1
24105600,2,774.2451956551345,3
24105600,3,362.99995780909694,6
24105600,4,1318.3052537069225,9
24192000,1,801.0427358347838,1
24192000,2,774.705235621941,3
24192000,3,364.5207085707948,6
24192000,4,1318.3052554207725,9
24278400,1,801.5039398253821,1
24278400,2,775.1610211451446,3
24278400,3,366.0407822821053,6
24278400,4,1318.3052570312657,9
24364800,1,801.9608770538907,1
24364800,2,775.6125928007602,3
24364800,3,367.56017291281614,6
24364800,4,1318.3052585446367,9
24451200,1,802.4135882445185,1
24451200,2,776.0599907062299,3
24451200,3,369.07887451807164,6
24451200,4,1318.3052599667417,9
24537600,1,802.8621136596912,1
24537600,2,776.5032546236906,3
24537600,3,370.5968812375504,6
24537600,4,1318.3052613030836,9
24624000,1,803.3064932056363,1
24624000,2,776.9424238651015,3
24624000,3,372.1141872942085,6
24624000,4,1318.3052625588352,9
24710400,1,803.7467663351631,1
24710400,2,777.3775373968593,3
24710400,3,373.63078699348034,6
24710400,4,1318.3052637388578,9
24796800,1,804.1829721547997,1
24796800,2,777.8086337431703,3
24796800,3,375.1466747220552,6
24796800,4,1318.3052648477178,9
24883200,1,804.6151493256025,1
24883200,2,778.2357510923678,3
24883200,3,376.6618449471057,6
24883200,4,1318.3052658897063,9
24969600,1,805.0433361722135,1
24969600,2,778.6589271981695,3
24969600,3,378.17629221508423,6
24969600,4,1318.305266868856,9
25056000,1,805.4675705813311,1
25056000,2,779.078199488076,3
25056000,3,379.6900111509908,6
25056000,4,1318.305267788956,9
25142400,1,805.8878901130752,1
25142400,2,779.4936049621363,3
25142400,3,381.2029964571807,6
25142400,4,1318.3052686535673,9
25228800,1,806.304331896727,1
25228800,2,779.9051803038151,3
25228800,3,382.71524291266405,6
25228800,4,1318.3052694660373,9
25315200,1,806.7169327448069,1
25315200,2,780.3129617758759,3
25315200,3,384.22674537193916,6
25315200,4,1318.3052702295113,9
25401600,1,807.1257290456829,1
25401600,2,780.7169853341261,3
25401600,3,385.73749876432476,6
25401600,4,1318.305270946943,9
25488000,1,807.5307568807793,1
25488000,2,781.1172865200052,3
25488000,3,387.2474980928032,6
25488000,4,1318.3052716211091,9
25574400,1,807.9320519136209,1
25574400,2,781.5139005776365,3
25574400,3,388.75673843338564,6
25574400,4,1318.305272254618,9
25660800,1,808.3296495106306,1
25660800,2,781.9068623426874,3
25660800,3,390.26521493397513,6
25660800,4,1318.3052728499217,9
25747200,1,808.7235846261497,1
25747200,2,782.296206363179,3
25747200,3,391.77292281375867,6
25747200,4,1318.3052734093242,9
25833600,1,809.1138919272962,1
25833600,2,782.6819667841563,3
25833600,3,393.27985736208666,6
25833600,4,1318.305273934991,9
25920000,1,809.5006056744796,1
25920000,2,783.0641774727436,3
25920000,3,394.7860139378995,6
25920000,4,1318.305274428957,9
26006400,1,809.883759850833,1
26006400,2,783.442871898126,3
26006400,3,396.2913879686175,6
26006400,4,1318.3052748931345,9
26092800,1,810.2633880376902,1
26092800,2,783.8180832613699,3
26092800,3,397.79597494959626,6
26092800,4,1318.3052753293184,9
26179200,1,810.6395235491468,1
26179200,2,784.1898443701831,3
26179200,3,399.2997704430304,6
26179200,4,1318.3052757391963,9
26265600,1,811.0121993019402,1
26265600,2,784.5581877740608,3
26265600,3,400.8027700774428,6
26265600,4,1318.3052761243555,9
26352000,1,811.38144795572,1
26352000,2,784.9231456332448,3
26352000,3,402.3049695465934,6
26352000,4,1318.3052764862878,9
26438400,1,811.7473017767234,1
26438400,2,785.284749859806,3
26438400,3,403.80636460900587,6
26438400,4,1318.3052768263951,9
26524800,1,812.1097927844066,1
26524800,2,785.6430319801736,3
26524800,3,405.3069510868804,6
26524800,4,1318.305277145991,9
26611200,1,812.4689526082434,1
26611200,2,785.9980232828117,3
26611200,3,406.80672486565845,6
26611200,4,1318.3052774463126,9
26697600,1,812.8248126414132,1
26697600,2,786.3497546736348,3
26697600,3,408.3056818929331,6
26697600,4,1318.3052777285232,9
26784000,1,813.1774038900016,1
26784000,2,786.6982568310038,3
26784000,3,409.80381817805346,6
26784000,4,1318.305277993714,9
26870400,1,813.5267571345175,1
26870400,2,787.0435600532724,3
26870400,3,411.3011297910384,6
26870400,4,1318.3052782429118,9
26956800,1,813.872902770685,1
26956800,2,787.385694421896,3
26956800,3,412.79761286221583,6
26956800,4,1318.305278477081,9
27043200,1,814.215870979634,1
27043200,2,787.7246896402839,3
27043200,3,414.2932635811353,6
27043200,4,1318.3052786971284,9
27129600,1,814.5556915594138,1
27129600,2,788.0605752058893,3
27129600,3,415.788078196249,6
27129600,4,1318.3052789039064,9
27216000,1,814.8923941047774,1
27216000,2,788.3933802394647,3
27216000,3,417.28205301381695,6
27216000,4,1318.305279098215,9
27302400,1,815.2260078284489,1
27302400,2,788.7231336670836,3
27302400,3,418.7751843976266,6
27302400,4,1318.3052792808053,9
27388800,1,815.5565617515208,1
27388800,2,789.0498640388049,3
27388800,3,420.2674687679,6
27388800,4,1318.3052794523837,9
27475200,1,815.8840845134132,1
27475200,2,789.3735997216745,3
27475200,3,421.7589026010496,6
27475200,4,1318.3052796136149,9
27561600,1,816.2086045740052,1
27561600,2,789.6943687066994,3
27561600,3,423.24948242857636,6
27561600,4,1318.3052797651226,9
27648000,1,816.53015001111,1
27648000,2,790.012198813992,3
27648000,3,424.7392048368688,6
27648000,4,1318.3052799074935,9
27734400,1,816.8487487355792,1
27734400,2,790.3271174868373,3
27734400,3,426.22806646609115,6
27734400,4,1318.3052800412781,9
27820800,1,817.1644282750003,1
27820800,2,790.6391520102596,3
27820800,3,427.7160640100283,6
27820800,4,1318.3052801669942,9
27907200,1,817.4772160031357,1
27907200,2,790.9483292908429,3
27907200,3,429.20319421495833,6
27907200,4,1318.3052802851287,9
27993600,1,817.7871389084085,1
27993600,2,791.2546760901353,3
27993600,3,430.6894538795441,6
27993600,4,1318.3052803961405,9
28080000,1,818.0942238392013,1
28080000,2,791.5582187887308,3
28080000,3,432.1748398536906,6
28080000,4,1318.3052805004572,9
28166400,1,818.3984972555227,1
28166400,2,791.858983636092,3
28166400,3,433.6593490384912,6
28166400,4,1318.305280598482,9
28252800,1,818.6999854918572,1
28252800,2,792.1569964972307,3
28252800,3,435.14297838504444,6
28252800,4,1318.3052806905948,9
28339200,1,818.9987144902393,1
28339200,2,792.452283120704,3
28339200,3,436.625724894473,6
28339200,4,1318.305280777152,9
28425600,1,819.2947100825345,1
28425600,2,792.7448688660452,3
28425600,3,438.10758561670946,6
28425600,4,1318.3052808584912,9
28512000,1,819.5879977029344,1
28512000,2,793.0347789918875,3
28512000,3,439.5885576505734,6
28512000,4,1318.3052809349247,9
28598400,1,819.8786026917628,1
28598400,2,793.3220383620901,3
28598400,3,441.0686381425212,6
28598400,4,1318.3052810067488,9
28684800,1,820.1665499851915,1
28684800,2,793.6066717561621,3
28684800,3,442.54782428678527,6
28684800,4,1318.3052810742408,9
28771200,1,820.4518644429036,1
28771200,2,793.8887035517887,3
28771200,3,444.0261133240929,6
28771200,4,1318.3052811376624,9
28857600,1,820.7345705579837,1
28857600,2,794.1681580554244,3
28857600,3,445.50350253779607,6
28857600,4,1318.3052811972598,9
28944000,1,821.0146926388538,1
28944000,2,794.4450592507853,3
28944000,3,446.979989260597,6
28944000,4,1318.3052812532642,9
29030400,1,821.292254750153,1
29030400,2,794.7194308700025,3
29030400,3,448.45557087334373,6
29030400,4,1318.3052813058916,9
29116800,1,821.56728069161,1
29116800,2,794.9912964100226,3
29116800,3,449.9302448054136,6
29116800,4,1318.3052813553456,9
29203200,1,821.8397940625182,1
29203200,2,795.2606791719473,3
29203200,3,451.4040085243669,6
29203200,4,1318.3052814018176,9
29289600,1,822.1098182650476,1
29289600,2,795.527602276709,3
29289600,3,452.87685953404343,6
29289600,4,1318.3052814454873,9
29376000,1,822.3773764637035,1
29376000,2,795.7920885953864,3
29376000,3,454.3487953854151,6
29376000,4,1318.3052814865237,9
29462400,1,822.6424915761272,1
29462400,2,796.0541607539074,3
29462400,3,455.819813677012,6
29462400,4,1318.3052815250837,9
29548800,1,822.9051862724555,1
29548800,2,796.3138411363445,3
29548800,3,457.2899120545799,6
29548800,4,1318.3052815613173,9
29635200,1,823.1654830336211,1
29635200,2,796.5711519425106,3
29635200,3,458.7590881995757,6
29635200,4,1318.305281595365,9
29721600,1,823.42340416261,1
29721600,2,796.8261151984489,3
29721600,3,460.2273398269858,6
29721600,4,1318.3052816273596,9
29808000,1,823.6789717322317,1
29808000,2,797.0787526996158,3
29808000,3,461.6946646960005,6
29808000,4,1318.305281657425,9
29894400,1,823.9322075794271,1
29894400,2,797.3290860087989,3
29894400,3,463.1610606107856,6
29894400,4,1318.3052816856778,9
29980800,1,824.1831333061,1
29980800,2,797.5771364570754,3
29980800,3,464.6265254202199,6
29980800,4,1318.3052817122275,9
30067200,1,824.4317703341317,1
30067200,2,797.822925200293,3
30067200,3,466.0910570069077,6
30067200,4,1318.3052817371758,9
30153600,1,824.6781399173728,1
30153600,2,798.0664732287405,3
30153600,3,467.5546532850053,6
30153600,4,1318.3052817606208,9
30240000,1,824.9222630906929,1
30240000,2,798.307801314335,3
30240000,3,469.01731221031787,6
30240000,4,1318.3052817826515,9
30326400,1,825.16416066478,1
30326400,2,798.5469300080513,3
30326400,3,470.479031781053,6
30326400,4,1318.305281803352,9
30412800,1,825.4038532270156,1
30412800,2,798.7838796405254,3
30412800,3,471.939810037602,6
30412800,4,1318.3052818228045,9
30499200,1,825.6413611936528,1
30499200,2,799.0186703758151,3
30499200,3,473.3996450521672,6
30499200,4,1318.3052818410838,9
30585600,1,825.8767048213599,1
30585600,2,799.2513222205534,3
30585600,3,474.8585349267082,6
30585600,4,1318.3052818582607,9
30672000,1,826.1099041586763,1
30672000,2,799.4818549738937,3
30672000,3,476.3164778024525,6
30672000,4,1318.3052818744013,9
30758400,1,826.3409790410897,1
30758400,2,799.7102882250183,3
30758400,3,477.77347186061843,6
30758400,4,1318.305281889568,9
30844800,1,826.569949091861,1
30844800,2,799.9366413536649,3
30844800,3,479.22951532220486,6
30844800,4,1318.3052819038203,9
30931200,1,826.7968337715884,1
30931200,2,800.160933581215,3
30931200,3,480.68460643821663,6
30931200,4,1318.3052819172135,9
31017600,1,827.021652389184,1
31017600,2,800.3831839793793,3
31017600,3,482.13874348771196,6
31017600,4,1318.3052819297995,9
31104000,1,827.2444240557206,1
31104000,2,800.6034114226301,3
31104000,3,483.59192478678733,6
31104000,4,1318.3052819416262,9
31190400,1,827.4651676797394,1
31190400,2,800.8216345858227,3
31190400,3,485.0441486892546,6
31190400,4,1318.3052819527384,9
31276800,1,827.6839019680292,1
31276800,2,801.0378719446778,3
31276800,3,486.4954135864423,6
31276800,4,1318.3052819631812,9
31363200,1,827.9006454727241,1
31363200,2,801.2521418243418,3
31363200,3,487.94571789797374,6
31363200,4,1318.3052819729946,9
31449600,1,828.1154166017468,1
31449600,2,801.4644624076361,3
31449600,3,489.39506006993133,6
31449600,4,1318.305281982216,9
31536000,1,828.3282335749077,1
31536000,2,801.6748516898273,3
31536000,3,490.84343858332613,6
31536000,4,1318.3052819908814,9
